ts_iso,balance_usd,portfolio_value_usd
2026-01-31T13:43:00.142386+00:00,20.14,1.51
2026-01-31T13:44:00.656816+00:00,20.14,1.51
2026-01-31T13:45:01.278730+00:00,20.14,1.51
2026-01-31T13:46:02.038889+00:00,20.14,1.51
2026-01-31T13:55:48.487544+00:00,20.14,1.51
2026-01-31T13:56:18.818126+00:00,20.14,1.51
2026-01-31T13:57:51.321561+00:00,20.14,1.51
2026-01-31T13:59:18.839927+00:00,20.14,1.51
2026-01-31T14:04:03.482934+00:00,20.14,1.51
2026-01-31T14:05:04.244751+00:00,20.14,1.51
2026-01-31T14:06:05.111313+00:00,20.14,1.51
2026-01-31T14:07:05.962772+00:00,20.14,1.51
2026-01-31T14:08:06.484653+00:00,20.14,1.51
2026-01-31T14:09:06.944323+00:00,20.14,1.51
2026-01-31T14:10:07.495258+00:00,20.14,1.51
2026-01-31T14:11:07.909540+00:00,20.14,1.51
2026-01-31T14:12:08.617331+00:00,20.14,1.51
2026-01-31T14:13:09.348441+00:00,20.14,1.51
2026-01-31T14:14:09.903815+00:00,20.14,1.51
2026-01-31T14:15:10.675757+00:00,20.14,1.51
2026-01-31T14:16:11.274710+00:00,20.14,1.51
2026-01-31T14:17:11.727589+00:00,20.14,1.51
2026-01-31T14:18:12.610232+00:00,20.14,1.51
2026-01-31T14:19:13.107974+00:00,20.14,1.51
2026-01-31T14:20:13.556773+00:00,20.14,1.51
2026-01-31T14:21:14.253371+00:00,20.14,1.51
2026-01-31T14:22:14.904962+00:00,20.14,1.51
2026-01-31T14:23:15.401155+00:00,20.14,1.51
2026-01-31T14:24:16.077087+00:00,20.14,1.51
2026-01-31T14:25:16.783168+00:00,20.14,1.51
2026-01-31T14:26:17.232983+00:00,20.14,1.51
2026-01-31T14:27:17.688665+00:00,20.14,1.51
2026-01-31T14:28:18.087967+00:00,20.14,1.51
2026-01-31T14:29:18.726472+00:00,20.14,1.51
2026-01-31T14:30:19.378268+00:00,20.14,1.51
2026-01-31T14:31:19.925656+00:00,20.14,1.51
2026-01-31T14:32:20.470770+00:00,20.14,1.51
2026-01-31T14:33:20.975623+00:00,20.14,1.51
2026-01-31T14:34:21.621725+00:00,20.14,1.51
2026-01-31T14:35:22.312391+00:00,20.14,1.51
2026-01-31T14:36:22.810207+00:00,20.14,1.51
2026-01-31T14:37:23.354144+00:00,20.14,1.51
2026-01-31T14:38:23.925151+00:00,20.14,1.51
2026-01-31T14:39:24.556803+00:00,20.14,1.51
2026-01-31T14:40:25.275063+00:00,20.14,0.0
2026-01-31T14:41:25.925072+00:00,20.14,0.0
2026-01-31T14:42:26.449712+00:00,20.14,0.0
2026-01-31T14:43:26.949017+00:00,20.14,0.0
2026-01-31T14:44:27.494839+00:00,20.14,0.0
2026-01-31T14:45:28.079612+00:00,20.14,0.0
2026-01-31T14:46:28.711154+00:00,20.14,0.0
2026-01-31T14:47:29.222916+00:00,20.14,0.0
2026-01-31T14:48:29.971100+00:00,20.14,0.0
2026-01-31T14:49:30.622398+00:00,20.14,0.0
2026-01-31T14:50:31.412096+00:00,20.14,0.0
2026-01-31T14:51:32.060483+00:00,20.14,0.0
2026-01-31T14:52:32.476956+00:00,20.14,0.0
2026-01-31T14:53:32.912811+00:00,20.14,0.0
2026-01-31T14:54:33.570216+00:00,20.14,0.0
2026-01-31T14:55:34.439512+00:00,20.14,0.0
2026-01-31T14:56:35.038297+00:00,20.14,0.0
2026-01-31T14:57:35.813766+00:00,20.14,0.0
2026-01-31T14:58:36.331509+00:00,20.14,0.0
2026-01-31T14:59:36.922257+00:00,20.14,0.0
2026-01-31T15:00:37.446556+00:00,20.14,0.0
2026-01-31T15:01:38.036806+00:00,20.14,0.0
2026-01-31T15:02:38.416022+00:00,20.14,0.0
2026-01-31T15:03:39.097067+00:00,20.14,0.0
2026-01-31T15:04:39.578496+00:00,20.14,0.0
2026-01-31T15:05:39.968264+00:00,20.14,0.0
2026-01-31T15:06:40.398172+00:00,20.14,0.0
2026-01-31T15:07:40.856178+00:00,20.14,0.0
2026-01-31T15:08:41.422207+00:00,20.14,0.0
2026-01-31T15:09:41.896138+00:00,20.14,0.0
2026-01-31T15:10:42.524145+00:00,20.14,0.0
2026-01-31T15:11:43.350246+00:00,20.14,0.0
2026-01-31T15:12:44.073039+00:00,20.14,0.0
2026-01-31T15:13:44.538027+00:00,20.14,0.0
2026-01-31T15:14:44.986178+00:00,20.14,0.0
2026-01-31T15:15:45.417946+00:00,20.14,0.0
2026-01-31T15:16:46.206775+00:00,20.14,0.0
2026-01-31T15:17:46.796475+00:00,20.14,0.0
2026-01-31T15:18:47.573734+00:00,20.14,0.0
2026-01-31T15:19:48.240673+00:00,20.14,0.0
2026-01-31T15:20:48.712279+00:00,20.14,0.0
2026-01-31T15:21:49.098671+00:00,20.14,0.0
2026-01-31T15:22:49.497653+00:00,20.14,0.0
2026-01-31T15:23:50.049396+00:00,20.14,0.0
2026-01-31T15:24:50.488680+00:00,20.14,0.0
2026-01-31T15:25:51.210109+00:00,20.14,0.0
2026-01-31T15:26:51.603430+00:00,20.14,0.0
2026-01-31T15:27:52.154049+00:00,20.14,0.0
2026-01-31T15:28:52.643525+00:00,20.14,0.0
2026-01-31T15:29:53.112708+00:00,20.14,0.0
2026-01-31T15:30:53.969084+00:00,20.14,0.0
2026-01-31T15:31:54.491013+00:00,20.14,0.0
2026-01-31T15:32:55.362866+00:00,20.14,0.0
2026-01-31T15:33:56.091588+00:00,20.14,0.0
2026-01-31T15:34:56.512312+00:00,20.14,0.0
2026-01-31T15:35:57.107752+00:00,20.14,0.0
2026-01-31T15:36:57.874850+00:00,20.14,0.0
2026-01-31T15:37:58.319555+00:00,20.14,0.0
2026-01-31T15:38:58.761106+00:00,20.14,0.0
2026-01-31T15:39:59.417662+00:00,20.14,0.0
2026-01-31T15:40:59.893247+00:00,20.14,0.0
2026-01-31T15:42:00.462401+00:00,20.14,0.0
2026-01-31T15:43:01.262802+00:00,20.14,0.0
2026-01-31T15:44:01.769060+00:00,20.14,0.0
2026-01-31T15:45:02.498793+00:00,20.14,0.0
2026-01-31T15:46:03.107283+00:00,20.14,0.0
2026-01-31T15:47:03.741231+00:00,20.14,0.0
2026-01-31T15:48:04.295723+00:00,20.14,0.0
2026-01-31T15:49:05.021067+00:00,20.14,0.0
2026-01-31T15:50:05.556592+00:00,20.14,0.0
2026-01-31T15:51:05.940097+00:00,20.14,0.0
2026-01-31T15:52:06.585130+00:00,20.14,0.0
2026-01-31T15:53:07.067425+00:00,20.14,0.0
2026-01-31T15:54:07.627857+00:00,20.14,0.0
2026-01-31T15:55:08.261481+00:00,20.14,0.0
2026-01-31T15:56:09.047695+00:00,20.14,0.0
2026-01-31T15:57:09.574890+00:00,20.14,0.0
2026-01-31T15:58:10.010519+00:00,20.14,0.0
2026-01-31T15:59:10.488654+00:00,20.14,0.0
2026-01-31T16:00:11.216982+00:00,20.14,0.0
2026-01-31T16:01:11.636260+00:00,20.14,0.0
2026-01-31T16:02:12.197730+00:00,20.14,0.0
2026-01-31T16:03:12.783272+00:00,20.14,0.0
2026-01-31T16:04:13.449161+00:00,20.14,0.0
2026-01-31T16:05:14.166896+00:00,20.14,0.0
2026-01-31T16:06:15.084285+00:00,20.14,0.0
2026-01-31T16:07:15.619706+00:00,20.14,0.0
2026-01-31T16:08:16.018133+00:00,20.14,0.0
2026-01-31T16:09:16.406499+00:00,20.14,0.0
2026-01-31T16:10:16.814894+00:00,20.14,0.0
2026-01-31T16:11:17.235815+00:00,20.14,0.0
2026-01-31T16:12:17.655674+00:00,20.14,0.0
2026-01-31T16:13:18.193708+00:00,20.14,0.0
2026-01-31T16:14:18.585232+00:00,20.14,0.0
2026-01-31T16:15:19.121656+00:00,20.14,0.0
2026-01-31T16:16:19.737815+00:00,20.14,0.0
2026-01-31T16:17:20.295849+00:00,20.14,0.0
2026-01-31T16:18:20.697596+00:00,20.14,0.0
2026-01-31T16:19:21.098269+00:00,20.14,0.0
2026-01-31T16:20:21.550967+00:00,20.14,0.0
2026-01-31T16:21:21.962621+00:00,20.14,0.0
2026-01-31T16:22:22.926931+00:00,20.14,0.0
2026-01-31T16:23:23.458213+00:00,20.14,0.0
2026-01-31T16:24:23.889615+00:00,20.14,0.0
2026-01-31T16:25:24.286116+00:00,20.14,0.0
2026-01-31T16:26:24.764253+00:00,20.14,0.0
2026-01-31T16:27:25.164871+00:00,20.14,0.0
2026-01-31T16:28:25.588170+00:00,20.14,0.0
2026-01-31T16:29:26.011952+00:00,20.14,0.0
2026-01-31T16:30:26.583392+00:00,20.14,0.0
2026-01-31T16:31:27.124581+00:00,20.14,0.0
2026-01-31T16:32:27.637475+00:00,20.14,0.0
2026-01-31T16:33:28.126743+00:00,20.14,0.0
2026-01-31T16:34:28.616822+00:00,20.14,0.0
2026-01-31T16:35:29.271735+00:00,20.14,0.0
2026-01-31T16:36:29.806469+00:00,20.14,0.0
2026-01-31T16:37:30.243410+00:00,20.14,0.0
2026-01-31T16:38:30.737425+00:00,20.14,0.0
2026-01-31T16:39:31.268261+00:00,20.14,0.0
2026-01-31T16:40:31.734164+00:00,20.14,0.0
2026-01-31T16:41:32.341630+00:00,20.14,0.0
2026-01-31T16:42:32.824278+00:00,20.14,0.0
2026-01-31T16:43:33.288773+00:00,20.14,0.0
2026-01-31T16:44:33.755170+00:00,20.14,0.0
2026-01-31T16:45:34.336258+00:00,20.14,0.0
2026-01-31T16:46:34.927012+00:00,20.14,0.0
2026-01-31T16:47:35.362293+00:00,20.14,0.0
2026-01-31T16:48:36.056911+00:00,20.14,0.0
2026-01-31T16:49:36.723831+00:00,20.14,0.0
2026-01-31T16:50:37.130913+00:00,20.14,0.0
2026-01-31T16:51:37.595114+00:00,20.14,0.0
2026-01-31T16:52:38.220061+00:00,20.14,0.0
2026-01-31T16:53:38.632982+00:00,20.14,0.0
2026-01-31T16:54:39.070438+00:00,20.14,0.0
2026-01-31T16:55:39.823731+00:00,20.14,0.0
2026-01-31T16:56:40.484539+00:00,20.14,0.0
2026-01-31T16:57:40.895136+00:00,20.14,0.0
2026-01-31T16:58:41.524535+00:00,20.14,0.0
2026-01-31T16:59:42.108199+00:00,20.14,0.0
2026-01-31T17:00:42.880734+00:00,20.14,0.0
2026-01-31T17:01:43.750641+00:00,20.14,0.0
2026-01-31T17:02:44.180419+00:00,20.14,0.0
2026-01-31T17:03:44.591952+00:00,20.14,0.0
2026-01-31T17:04:45.220556+00:00,20.14,0.0
2026-01-31T17:05:45.943321+00:00,20.14,0.0
2026-01-31T17:06:46.838658+00:00,20.14,0.0
2026-01-31T17:07:47.470874+00:00,20.14,0.0
2026-01-31T17:08:47.948475+00:00,20.14,0.0
2026-01-31T17:09:48.472578+00:00,20.14,0.0
2026-01-31T17:10:49.041089+00:00,20.14,0.0
2026-01-31T17:11:49.507678+00:00,20.14,0.0
2026-01-31T17:12:50.294580+00:00,20.14,0.0
2026-01-31T17:13:50.966302+00:00,20.14,0.0
2026-01-31T17:14:51.548574+00:00,20.14,0.0
2026-01-31T17:15:52.072095+00:00,20.14,0.0
2026-01-31T17:16:52.697352+00:00,20.14,0.0
2026-01-31T17:17:53.329451+00:00,20.14,0.0
2026-01-31T17:18:53.906588+00:00,20.14,0.0
2026-01-31T17:19:54.493549+00:00,20.14,0.0
2026-01-31T17:20:55.024626+00:00,20.14,0.0
2026-01-31T17:21:55.713136+00:00,20.14,0.0
2026-01-31T17:22:56.364957+00:00,20.14,0.0
2026-01-31T17:23:57.045022+00:00,20.14,0.0
2026-01-31T17:24:57.591729+00:00,20.14,0.0
2026-01-31T17:25:58.205048+00:00,20.14,0.0
2026-01-31T17:26:58.742656+00:00,20.14,0.0
2026-01-31T17:27:59.142899+00:00,20.14,0.0
2026-01-31T17:28:59.670878+00:00,20.14,0.0
2026-01-31T17:30:00.117275+00:00,20.14,0.0
2026-01-31T17:31:00.506370+00:00,20.14,0.0
2026-01-31T17:32:00.906824+00:00,20.14,0.0
2026-01-31T17:33:01.691353+00:00,20.14,0.0
2026-01-31T17:34:02.277654+00:00,20.14,0.0
2026-01-31T17:35:02.800750+00:00,20.14,0.0
2026-01-31T17:36:03.216039+00:00,20.14,0.0
2026-01-31T17:37:03.717369+00:00,20.14,0.0
2026-01-31T17:38:04.219716+00:00,20.14,0.0
2026-01-31T17:39:04.757986+00:00,20.14,0.0
2026-01-31T17:40:05.485960+00:00,20.14,0.0
2026-01-31T17:41:05.934037+00:00,20.14,0.0
2026-01-31T17:42:06.446370+00:00,20.14,0.0
2026-01-31T17:43:07.335138+00:00,20.14,0.0
2026-01-31T17:44:07.759489+00:00,20.14,0.0
2026-01-31T17:45:08.335996+00:00,20.14,0.0
2026-01-31T17:46:08.883512+00:00,20.14,0.0
2026-01-31T17:47:09.321106+00:00,20.14,0.0
2026-01-31T17:48:09.987894+00:00,20.14,0.0
2026-01-31T17:49:10.473100+00:00,20.14,0.0
2026-01-31T17:50:10.891923+00:00,20.14,0.0
2026-01-31T17:51:11.318129+00:00,20.14,0.0
2026-01-31T17:52:11.843074+00:00,20.14,0.0
2026-01-31T17:53:12.524039+00:00,20.14,0.0
2026-01-31T17:54:13.155849+00:00,20.14,0.0
2026-01-31T17:55:13.661850+00:00,20.14,0.0
2026-01-31T17:56:14.152796+00:00,20.14,0.0
2026-01-31T17:57:14.704263+00:00,20.14,0.0
2026-01-31T17:58:15.184366+00:00,20.14,0.0
2026-01-31T17:59:15.734748+00:00,20.14,0.0
2026-01-31T18:00:16.115630+00:00,20.14,0.0
2026-01-31T18:01:16.820128+00:00,20.14,0.0
2026-01-31T18:02:17.262102+00:00,20.14,0.0
2026-01-31T18:03:17.926067+00:00,20.14,0.0
2026-01-31T18:04:18.605043+00:00,20.14,0.0
2026-01-31T18:05:19.493944+00:00,20.14,0.0
2026-01-31T18:06:20.259286+00:00,20.14,0.0
2026-01-31T18:07:20.855793+00:00,20.14,0.0
2026-01-31T18:08:21.252150+00:00,20.14,0.0
2026-01-31T18:09:21.690408+00:00,20.14,0.0
2026-01-31T18:10:22.100463+00:00,20.14,0.0
2026-01-31T18:11:22.589350+00:00,20.14,0.0
2026-01-31T18:12:23.139671+00:00,20.14,0.0
2026-01-31T18:13:23.891159+00:00,20.14,0.0
2026-01-31T18:14:24.344643+00:00,20.14,0.0
2026-01-31T18:15:24.927782+00:00,20.14,0.0
2026-01-31T18:16:25.381704+00:00,20.14,0.0
2026-01-31T18:17:26.015475+00:00,20.14,0.0
2026-01-31T18:18:26.556043+00:00,20.14,0.0
2026-01-31T18:19:27.214162+00:00,20.14,0.0
2026-01-31T18:20:27.779298+00:00,20.14,0.0
2026-01-31T18:21:28.179035+00:00,20.14,0.0
2026-01-31T18:22:28.556171+00:00,20.14,0.0
2026-01-31T18:23:28.954097+00:00,20.14,0.0
2026-01-31T18:24:29.540700+00:00,20.14,0.0
2026-01-31T18:25:30.315433+00:00,20.14,0.0
2026-01-31T18:26:30.858458+00:00,20.14,0.0
2026-01-31T18:27:31.734030+00:00,20.14,0.0
2026-01-31T18:28:32.350229+00:00,20.14,0.0
2026-01-31T18:29:32.935895+00:00,20.14,0.0
2026-01-31T18:30:33.536240+00:00,20.14,0.0
2026-01-31T18:31:34.018987+00:00,20.14,0.0
2026-01-31T18:32:34.563434+00:00,20.14,0.0
2026-01-31T18:33:35.361062+00:00,20.14,0.0
2026-01-31T18:34:35.820474+00:00,20.14,0.0
2026-01-31T18:35:36.497404+00:00,20.14,0.0
2026-01-31T18:36:37.047516+00:00,20.14,0.0
2026-01-31T18:37:37.603338+00:00,20.14,0.0
2026-01-31T18:38:38.267451+00:00,20.14,0.0
2026-01-31T18:39:38.766652+00:00,20.14,0.0
2026-01-31T18:40:39.548466+00:00,20.14,0.0
2026-01-31T18:41:40.006673+00:00,20.14,0.0
2026-01-31T18:42:40.645734+00:00,20.14,0.0
2026-01-31T18:43:41.144199+00:00,20.14,0.0
2026-01-31T18:44:41.589361+00:00,20.14,0.0
2026-01-31T18:45:42.180677+00:00,20.14,0.0
2026-01-31T18:46:42.907581+00:00,20.14,0.0
2026-01-31T18:47:43.342777+00:00,20.14,0.0
2026-01-31T18:48:43.907717+00:00,20.14,0.0
2026-01-31T18:49:44.328299+00:00,20.14,0.0
2026-01-31T18:50:44.817566+00:00,20.14,0.0
2026-01-31T18:51:45.386728+00:00,20.14,0.0
2026-01-31T18:52:45.974658+00:00,20.14,0.0
2026-01-31T18:53:46.596235+00:00,20.14,0.0
2026-01-31T18:54:47.143967+00:00,20.14,0.0
2026-01-31T18:55:47.571235+00:00,20.14,0.0
2026-01-31T18:56:48.237670+00:00,20.14,0.0
2026-01-31T18:57:48.973102+00:00,20.14,0.0
2026-01-31T18:58:49.650628+00:00,20.14,0.0
2026-01-31T18:59:50.175967+00:00,20.14,0.0
2026-01-31T19:00:50.807625+00:00,20.14,0.0
2026-01-31T19:01:51.212700+00:00,20.14,0.0
2026-01-31T19:02:51.711185+00:00,20.14,0.0
2026-01-31T19:03:52.343699+00:00,20.14,0.0
2026-01-31T19:04:52.870799+00:00,20.14,0.0
2026-01-31T19:05:53.518932+00:00,20.14,0.0
2026-01-31T19:06:54.106534+00:00,20.14,0.0
2026-01-31T19:07:54.771792+00:00,20.14,0.0
2026-01-31T19:08:55.229191+00:00,20.14,0.0
2026-01-31T19:09:55.982444+00:00,20.14,0.0
2026-01-31T19:10:56.751242+00:00,20.14,0.0
2026-01-31T19:11:57.298105+00:00,20.14,0.0
2026-01-31T19:12:57.769297+00:00,20.14,0.0
2026-01-31T19:13:58.258053+00:00,20.14,0.0
2026-01-31T19:14:58.836027+00:00,20.14,0.0
2026-01-31T19:15:59.625763+00:00,20.14,0.0
2026-01-31T19:17:00.232416+00:00,20.14,0.0
2026-01-31T19:18:01.090576+00:00,20.14,0.0
2026-01-31T19:19:01.666038+00:00,20.14,0.0
2026-01-31T19:20:02.338329+00:00,20.14,0.0
2026-01-31T19:21:03.256205+00:00,20.14,0.0
2026-01-31T19:22:03.842534+00:00,20.14,0.0
2026-01-31T19:23:04.511759+00:00,20.14,0.0
2026-01-31T19:24:05.036583+00:00,20.14,0.0
2026-01-31T19:25:05.654832+00:00,20.14,0.0
2026-01-31T19:26:06.386755+00:00,20.14,0.0
2026-01-31T19:27:06.995333+00:00,20.14,0.0
2026-01-31T19:28:07.848873+00:00,20.14,0.0
2026-01-31T19:29:08.521048+00:00,20.14,0.0
2026-01-31T19:30:09.283511+00:00,20.14,0.0
2026-01-31T19:31:09.742325+00:00,20.14,0.0
2026-01-31T19:32:10.274811+00:00,20.14,0.0
2026-01-31T19:33:10.678907+00:00,20.14,0.0
2026-01-31T19:34:11.176004+00:00,20.14,0.0
2026-01-31T19:35:11.573292+00:00,20.14,0.0
2026-01-31T19:36:12.276557+00:00,20.14,0.0
2026-01-31T19:37:12.941358+00:00,20.14,0.0
2026-01-31T19:38:13.364322+00:00,20.14,0.0
2026-01-31T19:39:13.864843+00:00,20.14,0.0
2026-01-31T19:40:14.380089+00:00,20.14,0.0
2026-01-31T19:41:15.017843+00:00,20.14,0.0
2026-01-31T19:42:15.558187+00:00,20.14,0.0
2026-01-31T19:43:16.118535+00:00,20.14,0.0
2026-01-31T19:44:16.876625+00:00,20.14,0.0
2026-01-31T19:45:17.467918+00:00,20.14,0.0
2026-01-31T19:46:17.990186+00:00,20.14,0.0
2026-01-31T19:47:18.440468+00:00,20.14,0.0
2026-01-31T19:48:18.891567+00:00,20.14,0.0
2026-01-31T19:49:19.353409+00:00,20.14,0.0
2026-01-31T19:50:19.794807+00:00,20.14,0.0
2026-01-31T19:51:20.423476+00:00,20.14,0.0
2026-01-31T19:52:21.064278+00:00,20.14,0.0
2026-01-31T19:53:21.562910+00:00,20.14,0.0
2026-01-31T19:54:22.119737+00:00,20.14,0.0
2026-01-31T19:55:22.731680+00:00,20.14,0.0
2026-01-31T19:56:23.306166+00:00,20.14,0.0
2026-01-31T19:57:23.963112+00:00,20.14,0.0
2026-01-31T19:58:24.463309+00:00,20.14,0.0
2026-01-31T19:59:25.109674+00:00,20.14,0.0
2026-01-31T20:00:25.711525+00:00,20.14,0.0
2026-01-31T20:01:26.410739+00:00,20.14,0.0
2026-01-31T20:02:26.900084+00:00,20.14,0.0
2026-01-31T20:03:27.306127+00:00,20.14,0.0
2026-01-31T20:04:27.977314+00:00,20.14,0.0
2026-01-31T20:05:28.616078+00:00,20.14,0.0
2026-01-31T20:06:29.317474+00:00,20.14,0.0
2026-01-31T20:07:29.857001+00:00,20.14,0.0
2026-01-31T20:08:30.634754+00:00,20.14,0.0
2026-01-31T20:09:31.244969+00:00,20.14,0.0
2026-01-31T20:10:31.976391+00:00,20.14,0.0
2026-01-31T20:11:32.568911+00:00,20.14,0.0
2026-01-31T20:12:33.062816+00:00,20.14,0.0
2026-01-31T20:13:33.616638+00:00,20.14,0.0
2026-01-31T20:14:34.263252+00:00,20.14,0.0
2026-01-31T20:15:34.820847+00:00,20.14,0.0
2026-01-31T20:16:35.493218+00:00,20.14,0.0
2026-01-31T20:17:36.189210+00:00,20.14,0.0
2026-01-31T20:18:36.681037+00:00,20.14,0.0
2026-01-31T20:19:37.264149+00:00,20.14,0.0
2026-01-31T20:20:37.831432+00:00,20.14,0.0
2026-01-31T20:21:38.229584+00:00,20.14,0.0
2026-01-31T20:22:38.860790+00:00,20.14,0.0
2026-01-31T20:23:39.382937+00:00,20.14,0.0
2026-01-31T20:24:39.878996+00:00,20.14,0.0
2026-01-31T20:25:40.370692+00:00,20.14,0.0
2026-01-31T20:26:41.272371+00:00,20.14,0.0
2026-01-31T20:27:42.054072+00:00,20.14,0.0
2026-01-31T20:28:42.546603+00:00,20.14,0.0
2026-01-31T20:29:42.983484+00:00,20.14,0.0
2026-01-31T20:30:43.603955+00:00,20.14,0.0
2026-01-31T20:31:44.311178+00:00,20.14,0.0
2026-01-31T20:32:44.896612+00:00,20.14,0.0
2026-01-31T20:33:45.493156+00:00,20.14,0.0
2026-01-31T20:34:46.251136+00:00,20.14,0.0
2026-01-31T20:35:46.978948+00:00,20.14,0.0
2026-01-31T20:36:47.679114+00:00,20.14,0.0
2026-01-31T20:37:48.379685+00:00,20.14,0.0
2026-01-31T20:38:49.116690+00:00,20.14,0.0
2026-01-31T20:39:49.554825+00:00,20.14,0.0
2026-01-31T20:40:50.152815+00:00,20.14,0.0
2026-01-31T20:41:50.698040+00:00,20.14,0.0
2026-01-31T20:42:51.393790+00:00,20.14,0.0
2026-01-31T20:43:52.329155+00:00,20.14,0.0
2026-01-31T20:44:53.107356+00:00,20.14,0.0
2026-01-31T20:45:53.677401+00:00,20.14,0.0
2026-01-31T20:46:54.323622+00:00,20.14,0.0
2026-01-31T20:47:54.918973+00:00,20.14,0.0
2026-01-31T20:48:55.456979+00:00,20.14,0.0
2026-01-31T20:49:55.959390+00:00,20.14,0.0
2026-01-31T20:50:56.528328+00:00,20.14,0.0
2026-01-31T20:51:57.032730+00:00,20.14,0.0
2026-01-31T20:52:57.500589+00:00,20.14,0.0
2026-01-31T20:53:58.286155+00:00,20.14,0.0
2026-01-31T20:54:58.784353+00:00,20.14,0.0
2026-01-31T20:55:59.274302+00:00,20.14,0.0
2026-01-31T20:56:59.779481+00:00,20.14,0.0
2026-01-31T20:58:00.225090+00:00,20.14,0.0
2026-01-31T20:59:00.806590+00:00,20.14,0.0
2026-01-31T21:00:01.289493+00:00,20.14,0.0
2026-01-31T21:01:02.398717+00:00,20.14,0.0
2026-01-31T21:02:03.185745+00:00,20.14,0.0
2026-01-31T21:03:03.998532+00:00,20.14,0.0
2026-01-31T21:04:04.593936+00:00,20.14,0.0
2026-01-31T21:05:05.103443+00:00,20.14,0.0
2026-01-31T21:06:05.724186+00:00,20.14,0.0
2026-01-31T21:07:06.270024+00:00,20.14,0.0
2026-01-31T21:08:06.725221+00:00,20.14,0.0
2026-01-31T21:09:07.281315+00:00,20.14,0.0
2026-01-31T21:10:08.175583+00:00,20.14,0.0
2026-01-31T21:11:09.206036+00:00,20.14,0.0
2026-01-31T21:12:09.701880+00:00,20.14,0.0
2026-01-31T21:13:10.288847+00:00,20.14,0.0
2026-01-31T21:14:11.322664+00:00,20.14,0.0
2026-01-31T21:15:11.898726+00:00,20.14,0.0
2026-01-31T21:16:12.448026+00:00,20.14,0.0
2026-01-31T21:17:13.068291+00:00,20.14,0.0
2026-01-31T21:18:13.937461+00:00,20.14,0.0
2026-01-31T21:19:14.551009+00:00,20.14,0.0
2026-01-31T21:20:15.096296+00:00,20.14,0.0
2026-01-31T21:21:15.635208+00:00,20.14,0.0
2026-01-31T21:22:16.329558+00:00,20.14,0.0
2026-01-31T21:23:16.874412+00:00,20.14,0.0
2026-01-31T21:24:17.345984+00:00,20.14,0.0
2026-01-31T21:25:17.984465+00:00,20.14,0.0
2026-01-31T21:26:18.514657+00:00,20.14,0.0
2026-01-31T21:27:19.017426+00:00,20.14,0.0
2026-01-31T21:28:19.644471+00:00,20.14,0.0
2026-01-31T21:29:20.318615+00:00,20.14,0.0
2026-01-31T21:30:20.886386+00:00,20.14,0.0
2026-01-31T21:31:21.592099+00:00,20.14,0.0
2026-01-31T21:32:22.103506+00:00,20.14,0.0
2026-01-31T21:33:22.885858+00:00,20.14,0.0
2026-01-31T21:34:23.449334+00:00,20.14,0.0
2026-01-31T21:35:23.979791+00:00,20.14,0.0
2026-01-31T21:36:24.392131+00:00,20.14,0.0
2026-01-31T21:37:25.107663+00:00,20.14,0.0
2026-01-31T21:38:25.529790+00:00,20.14,0.0
2026-01-31T21:39:26.020135+00:00,20.14,0.0
2026-01-31T21:40:26.464540+00:00,20.14,0.0
2026-01-31T21:41:26.956747+00:00,20.14,0.0
2026-01-31T21:42:27.546074+00:00,20.14,0.0
2026-01-31T21:43:28.297744+00:00,20.14,0.0
2026-01-31T21:44:29.024711+00:00,20.14,0.0
2026-01-31T21:45:29.636242+00:00,20.14,0.0
2026-01-31T21:46:30.181792+00:00,20.14,0.0
2026-01-31T21:47:31.036990+00:00,20.14,0.0
2026-01-31T21:48:31.822649+00:00,20.14,0.0
2026-01-31T21:49:32.324753+00:00,20.14,0.0
2026-01-31T21:50:32.872005+00:00,20.14,0.0
2026-01-31T21:51:33.439543+00:00,20.14,0.0
2026-01-31T21:52:33.842777+00:00,20.14,0.0
2026-01-31T21:53:34.348688+00:00,20.14,0.0
2026-01-31T21:54:34.898581+00:00,20.14,0.0
2026-01-31T21:55:35.436283+00:00,20.14,0.0
2026-01-31T21:56:36.011026+00:00,20.14,0.0
2026-01-31T21:57:36.625261+00:00,20.14,0.0
2026-01-31T21:58:37.175204+00:00,20.14,0.0
2026-01-31T21:59:37.873121+00:00,20.14,0.0
2026-01-31T22:00:38.297503+00:00,20.14,0.0
2026-01-31T22:01:38.945080+00:00,20.14,0.0
2026-01-31T22:02:39.533381+00:00,20.14,0.0
2026-01-31T22:03:40.079009+00:00,20.14,0.0
2026-01-31T22:04:40.889384+00:00,20.14,0.0
2026-01-31T22:05:41.568295+00:00,20.14,0.0
2026-01-31T22:06:42.109642+00:00,20.14,0.0
2026-01-31T22:07:42.898165+00:00,20.14,0.0
2026-02-01T03:13:04.106186+00:00,28.07,3.82
2026-02-01T03:14:04.843113+00:00,28.07,4.13
2026-02-01T03:15:05.367157+00:00,29.15,1.4
2026-02-01T03:16:05.931485+00:00,30.44,0.0
2026-02-01T03:17:06.520418+00:00,30.44,0.0
2026-02-01T03:18:07.083455+00:00,30.44,0.0
2026-02-01T03:19:07.590521+00:00,30.44,0.0
2026-02-01T03:20:08.151769+00:00,30.44,0.0
2026-02-01T03:21:08.760723+00:00,30.44,0.0
2026-02-01T03:22:09.407626+00:00,27.26,3.0
2026-02-01T03:23:09.952274+00:00,27.26,3.4
2026-02-01T03:24:10.489912+00:00,27.26,3.4
2026-02-01T03:25:11.228947+00:00,27.26,3.4
2026-02-01T03:26:11.957657+00:00,27.26,3.6
2026-02-01T03:27:12.550405+00:00,27.26,3.2
2026-02-01T03:28:13.199596+00:00,27.26,3.2
